Workbook

Sheet Code Lookup
A1: DENTAL CODE VERIFICATION SYSTEM | UHC Reference
A2: Enter a denied code → see why, what to do instead, and check patient history
A4: 🔍 CODE LOOKUP
A5: Enter Code:
A6: Available: D0120, D0150, D0180, D0210, D0330, D1110, D2391, D2392, D2393, D2394, D2740, D2750, D2950, D2952, D3310, D3320, D3330, D4341, D4342, D4910, D5110, D5120, D5130, D5140, D5213, D5214, D6010, D6056, D6058, D6080, D7110, D7140, D7210
A8: 📋 CODE INFORMATION
A9: Description: | B9: =IF($B$5="","",IFERROR(XLOOKUP($B$5,'Code Database'!A:A,'Code Database'!B:B),"Not found"))
A10: UHC Frequency: | B10: =IF($B$5="","",IFERROR(XLOOKUP($B$5,'UHC Policies'!A:A,'UHC Policies'!B:B),"Check plan")) | D10: =IF($B$5="","","Pre-Auth: "&IFERROR(XLOOKUP($B$5,'UHC Policies'!A:A,'UHC Policies'!C:C),"Check plan"))
A12: ❌ DENIAL ANALYSIS
A13: Scenario | B13: Why Denied | D13: Suggested Action
B14: =IF($B$5="","",IFERROR(FILTER('Denial Scenarios'!B$2:D$999,'Denial Scenarios'!A$2:A$999=$B$5),""))
A20: ✅ PATIENT HISTORY CHECK
A21: Enter up to 5 codes already on this patient. Inserts codes in column C to check conflicts.
A22: # | B22: Code (history) | C22: Conflict? | D22: Status
A23: 1 | C23: =IF(B23="","",IF(COUNTIFS('Cannot Be Together'!A:A,$B$5,'Cannot Be Together'!B:B,B23)>0,"❌ CONFLICT","✅ OK")) | D23: =IF(B23="","",IF(COUNTIFS('Cannot Be Together'!A:A,$B$5,'Cannot Be Together'!B:B,B23)>0,"🚫 Denied","✳️ Clear"))
A24: 2 | C24: =IF(B24="","",IF(COUNTIFS('Cannot Be Together'!A:A,$B$5,'Cannot Be Together'!B:B,B24)>0,"❌ CONFLICT","✅ OK")) | D24: =IF(B24="","",IF(COUNTIFS('Cannot Be Together'!A:A,$B$5,'Cannot Be Together'!B:B,B24)>0,"🚫 Denied","✳️ Clear"))
A25: 3 | C25: =IF(B25="","",IF(COUNTIFS('Cannot Be Together'!A:A,$B$5,'Cannot Be Together'!B:B,B25)>0,"❌ CONFLICT","✅ OK")) | D25: =IF(B25="","",IF(COUNTIFS('Cannot Be Together'!A:A,$B$5,'Cannot Be Together'!B:B,B25)>0,"🚫 Denied","✳️ Clear"))
A26: 4 | C26: =IF(B26="","",IF(COUNTIFS('Cannot Be Together'!A:A,$B$5,'Cannot Be Together'!B:B,B26)>0,"❌ CONFLICT","✅ OK")) | D26: =IF(B26="","",IF(COUNTIFS('Cannot Be Together'!A:A,$B$5,'Cannot Be Together'!B:B,B26)>0,"🚫 Denied","✳️ Clear"))
A27: 5 | C27: =IF(B27="","",IF(COUNTIFS('Cannot Be Together'!A:A,$B$5,'Cannot Be Together'!B:B,B27)>0,"❌ CONFLICT","✅ OK")) | D27: =IF(B27="","",IF(COUNTIFS('Cannot Be Together'!A:A,$B$5,'Cannot Be Together'!B:B,B27)>0,"🚫 Denied","✳️ Clear"))
A29: ⚖ FINAL VERDICT
A30: Conflict Check: | B30: =IF($B$5="","",IF(COUNTIF(D23:D27,"🚫*")>0,"❌ DENIED — Conflict in history","✅ No conflicts"))
A31: Required History: | B31: =IF($B$5="","",IF(SUMPRODUCT(('Required History'!A:A=$B$5)*('Required History'!E:E="YES"))=0,"✅ No critical prior requirements",IF(SUMPRODUCT(COUNTIFS('Required History'!A:A,$B$5,'Required History'!B:B,$B$23:$B$27,'Required History'!E:E,"YES"))>=SUMPRODUCT(('Required History'!A:A=$B$5)*('Required History'!E:E="YES")),"✅ All critical required found","⚠️ Missing critical required")))
A32: VERDICT: | B32: =IF($B$5="","",IF(OR(COUNTIF(D23:D27,"🚫*")>0,AND(SUMPRODUCT(COUNTIFS('Required History'!A:A,$B$5,'Required History'!B:B,$B$23:$B$27))<SUMPRODUCT(('Required History'!A:A=$B$5)*1),SUMPRODUCT(('Required History'!A:A=$B$5)*1)>0)),"❌ DENIED","✅ APPROVED"))
A34: 📋 REQUIRED PRIOR PROCEDURES (BEFORE)
B35: Required Code | C35: Description | D35: Timeframe
B36: =IF($B$5="","",IFERROR(FILTER('Required History'!B$2:D$999,'Required History'!A$2:A$999=$B$5),"None"))
A42: 🚫 CANNOT BE DONE TOGETHER
B43: Conflict Code | C43: Reason
B44: =IF($B$5="","",IFERROR(FILTER('Cannot Be Together'!B$2:C$999,'Cannot Be Together'!A$2:A$999=$B$5),"No conflicts"))
A50: ➡️ NEXT PROCEDURES (AFTER)
B51: Next Code | C51: Description | D51: Timeframe
B52: =IF($B$5="","",IFERROR(FILTER('Next Procedures'!B$2:D$999,'Next Procedures'!A$2:A$999=$B$5),"None"))
A58: 📌 CLINICAL GUIDELINES
B59: # | C59: Guideline
B60: =IF($B$5="","",IFERROR(FILTER('Clinical Guidelines'!B$2:B$999,'Clinical Guidelines'!A$2:A$999=$B$5),"No guidelines"))
A66: 🏥 UHC SPECIFIC NOTES
A67: =IF($B$5="","",IFERROR(XLOOKUP($B$5,'UHC Policies'!A:A,'UHC Policies'!E:E),"No UHC notes"))
A69: ⚠ Not affiliated with UHC or any payer. Based on ADA CDT standards. Plans vary — verify with plan docs. Internal reference only.

Sheet Code Database
A1: Code | B1: Description | C1: Category
A2: D0120 | B2: Periodic oral examination - established | C2: Diagnostic
A3: D0150 | B3: Comprehensive oral examination | C3: Diagnostic
A4: D0180 | B4: Comprehensive periodontal evaluation | C4: Periodontics
A5: D0210 | B5: Full mouth radiographic survey | C5: Diagnostic
A6: D0330 | B6: Panoramic radiographic survey | C6: Diagnostic
A7: D1110 | B7: Prophylaxis - adult (routine cleaning) | C7: Preventive
A8: D2391 | B8: Resin composite - 1 surface, posterior | C8: Restorative
A9: D2392 | B9: Resin composite - 2 surfaces, posterior | C9: Restorative
A10: D2393 | B10: Resin composite - 3 surfaces, posterior | C10: Restorative
A11: D2394 | B11: Resin composite - 4+ surfaces, posterior | C11: Restorative
A12: D2740 | B12: Crown - porcelain/ceramic substrate | C12: Restorative
... A34: D7210 | B34: Extraction requiring flap elevation and bone removal | C34: Oral Surgery

Sheet Required History
A1: Parent Code | B1: Required Code | C1: Description | D1: Timeframe | E1: Critical
A2: D2952 | B2: D3310 | C2: Root canal - anterior | D2: Before post | E2: NO
A3: D2952 | B3: D3320 | C3: Root canal - bicuspid | D3: Before post | E3: NO
A4: D2952 | B4: D3330 | C4: Root canal - molar | D4: Before post | E4: NO
A5: D4341 | B5: D0180 | C5: Comprehensive periodontal evaluation | D5: Within 6mo before SRP | E5: YES
A6: D4342 | B6: D0180 | C6: Comprehensive periodontal evaluation | D6: Within 6mo before SRP | E6: YES
A7: D4910 | B7: D4341 | C7: Scaling & root planing | D7: Within 24mo prior | E7: YES
A8: D4910 | B8: D4342 | C8: SRP (limited) | D8: Within 24mo prior | E8: NO
A9: D5110 | B9: D7140 | C9: Extractions if teeth present | D9: 3-6mo healing | E9: NO
A10: D5110 | B10: D7110 | C10: Surgical extractions if needed | D10: 3-6mo | E10: NO
A11: D5120 | B11: D7140 | C11: Extractions if teeth present | D11: 3-6mo healing | E11: NO
A12: D5130 | B12: D7140 | C12: Extractions | D12: Same day | E12: YES
... A19: D6080 | B19: D6010 | C19: Implant placement | D19: Must have implant | E19: YES

Sheet Cannot Be Together
A1: Parent Code | B1: Conflict Code | C1: Reason
A2: D0120 | B2: D0150 | C2: Cannot bill comprehensive + periodic same day
A3: D0150 | B3: D0120 | C3: Cannot bill comprehensive + periodic same day
A4: D0210 | B4: D0330 | C4: Cannot bill panoramic + FMX same day
A5: D0330 | B5: D0210 | C5: Cannot bill panoramic + FMX same day
A6: D1110 | B6: D4341 | C6: Cannot bill prophy + SRP same day
A7: D1110 | B7: D4342 | C7: Cannot bill prophy + SRP same day
A8: D1110 | B8: D4910 | C8: Cannot bill prophy + perio maintenance same day
A9: D2391 | B9: D7140 | C9: Cannot fill extracted tooth
A10: D2391 | B10: D7110 | C10: Cannot fill extracted tooth
A11: D2391 | B11: D7210 | C11: Cannot fill extracted tooth
A12: D2392 | B12: D7140 | C12: Cannot fill extracted tooth
... A76: D7210 | B76: D2950 | C76: Cannot buildup extracted tooth

Sheet Next Procedures
A1: Parent Code | B1: Next Code | C1: Description | D1: Timeframe
A2: D0120 | B2: D1110 | C2: Prophylaxis | D2: Same day
A3: D0120 | B3: D0274 | C3: Bitewing X-rays | D3: If needed
A4: D0150 | B4: D1110 | C4: Prophylaxis | D4: Same day
A5: D0150 | B5: D0210 | C5: Full mouth X-rays | D5: Same day
A6: D0180 | B6: D4341 | C6: SRP if perio diagnosed | D6: After eval
A7: D0180 | B7: D1110 | C7: Prophy if healthy | D7: Same or follow-up
A8: D0210 | B8: D0150 | C8: Comprehensive exam | D8: Same day
A9: D0330 | B9: D0150 | C9: Comprehensive exam | D9: Same day
A10: D2393 | B10: D2740 | C10: Crown if weakened | D10: Consider
A11: D2394 | B11: D2740 | C11: Crown strongly consider | D11: Likely minimal structure left
A12: D2740 | B12: D2950 | C12: Core buildup if needed | D12: Same or prior
... A51: D7210 | B51: D5213 | C51: Partial denture | D51: After healing

Sheet Clinical Guidelines
A1: Code | B1: Guideline
A2: D0120 | B2: 1. For established patients (seen within 36mo)
A3: D0120 | B3: 2. Covered 2x/year
A4: D0120 | B4: 3. Cannot bill with D0150 same day
A5: D0150 | B5: 1. For new patients or not seen 36+mo
A6: D0150 | B6: 2. Should have full mouth X-rays
A7: D0150 | B7: 3. Covered 1x/3-5yr
A8: D0180 | B8: 1. Required BEFORE SRP can be billed
A9: D0180 | B9: 2. Includes perio charting and pocket depths
A10: D0180 | B10: 3. Typically covered 1x/yr or 1x/2yr
A11: D0210 | B11: 1. 14-20 intraoral films
A12: D0210 | B12: 2. Covered 1x/3-5yr
... A110: D7210 | B110: 4. Cannot place restoration on extracted tooth

Sheet Denial Scenarios
A1: Code | B1: Scenario | C1: Denial Reason | D1: Suggested Action
A2: D7110 | B2: Extraction of crowned tooth | C2: Tooth with existing crown | D2: Document non-restorability. Consider endo
A3: D7140 | B3: Extraction of restored tooth | C3: No documentation of non-restorability | D3: Document with radiographs
A4: D7140 | B4: Extraction + restoration same tooth | C4: Cannot extract and restore | D4: Choose one path
A5: D7140 | B5: Simple code for surgical case | C5: Needed flap/bone removal | D5: Rebill as D7210
A6: D1110 | B6: Prophy for perio maintenance patient | C6: Patient has perio history | D6: Switch to D4910
A7: D1110 | B7: Prophy after active perio treatment | C7: Needs D4910, not prophy | D7: Use D4910
A8: D1110 | B8: Prophy + SRP same day | C8: Cannot bill both | D8: Remove D1110, bill D4341
A9: D4910 | B9: COMMON: No SRP history | C9: D4910 requires prior SRP | D9: Do D0180 + D4341 first
A10: D4910 | B10: No D0180 on record | C10: Perio diagnosis needs eval | D10: Complete D0180 first
A11: D4910 | B11: Billed as D1110 | C11: Correct code is D4910 | D11: Rebill as D4910
A12: D4341 | B12: No D0180 in history | C12: SRP requires perio evaluation | D12: Complete D0180 first
... A37: * | B37: UHC: Dependent age limit | C37: Dependent exceeded age | D37: Verify eligibility

Sheet Full Denial Reference
A1: Code | B1: Scenario | C1: Denial Reason | D1: Suggested Action | E1: Suggested Code
A2: D7110 | B2: Extraction of crowned tooth | C2: Tooth with existing crown | D2: Document non-restorability. Consider endo | E2: D3330
A3: D7140 | B3: Extraction of restored tooth | C3: No documentation of non-restorability | D3: Document with radiographs
A4: D7140 | B4: Extraction + restoration same tooth | C4: Cannot extract and restore | D4: Choose one path
A5: D7140 | B5: Simple code for surgical case | C5: Needed flap/bone removal | D5: Rebill as D7210 | E5: D7210
A6: D1110 | B6: Prophy for perio maintenance patient | C6: Patient has perio history | D6: Switch to D4910 | E6: D4910
A7: D1110 | B7: Prophy after active perio treatment | C7: Needs D4910, not prophy | D7: Use D4910 | E7: D4910
A8: D1110 | B8: Prophy + SRP same day | C8: Cannot bill both | D8: Remove D1110, bill D4341 | E8: D4341
A9: D4910 | B9: COMMON: No SRP history | C9: D4910 requires prior SRP | D9: Do D0180 + D4341 first | E9: D0180+D4341
A10: D4910 | B10: No D0180 on record | C10: Perio diagnosis needs eval | D10: Complete D0180 first | E10: D0180
A11: D4910 | B11: Billed as D1110 | C11: Correct code is D4910 | D11: Rebill as D4910 | E11: D4910
A12: D4341 | B12: No D0180 in history | C12: SRP requires perio evaluation | D12: Complete D0180 first | E12: D0180
A13: D4341 | B13: SRP + prophy same day | C13: Cannot bill both | D13: Remove D1110 | E13: D4341
A14: D4342 | B14: Limited SRP when full mouth needed | C14: Use D4341 for 4+/quad | D14: Switch to D4341 | E14: D4341
A15: D2740 | B15: Crown within 5yr same tooth | C15: Insurance frequency limit | D15: Appeal with new condition docs
A16: D2740 | B16: Crown without buildup | C16: Tooth needs core buildup | D16: Add D2950 | E16: D2950
A17: D2740 | B17: Crown + extraction same tooth | C17: Cannot crown and extract | D17: Remove one
A18: D2950 | B18: Buildup without crown | C18: Buildup requires crown | D18: Add D2740 | E18: D2740
A19: D2950 | B19: Buildup on extracted tooth | C19: Cannot buildup extracted | D19: Remove buildup
A20: D6058 | B20: COMMON: No D6010 in history | C20: Implant crown needs implant body | D20: Place D6010 first, wait 3-6mo | E20: D6010
A21: D6058 | B21: No abutment (D6056) | C21: Abutment required before crown | D21: Add D6056 | E21: D6056
A22: D6058 | B22: Crown same day as implant | C22: Needs 3-6mo osseointegration | D22: Wait 3-6mo
A23: D6056 | B23: Abutment without D6010 | C23: Needs existing implant | D23: Place D6010 first | E23: D6010
A24: D3330 | B24: Molar root canal without crown | C24: High fracture risk | D24: Add D2740 to plan | E24: D2740
A25: D3310 | B25: Root canal + extraction same tooth | C25: Cannot do both | D25: Choose one
A26: D5110 | B26: Complete denture with teeth present | C26: Need edentulous arch | D26: Extract remaining teeth | E26: D7140
A27: D5130 | B27: Immediate denture no extractions | C27: Extractions required same day | D27: Add D7140 same day | E27: D7140
A28: D6080 | B28: Implant maintenance, no implant | C28: Requires existing implant | D28: Verify implant. Use D1110 if none
A29: D0150 | B29: Two exams same day | C29: Cannot bill D0150+D0120 | D29: Choose one
A30: D0120 | B30: Patient not seen >36mo | C30: Use D0150 for new/long-absent | D30: Use D0150 | E30: D0150
A31: * | B31: UHC: Frequency limit | C31: Plan limits procedure per period | D31: Check plan. Appeal with necessity
A32: * | B32: UHC: Pre-auth not obtained | C32: Plan requires prior authorization | D32: Submit retro-auth or resubmit
A33: * | B33: UHC: Alternative benefit | C33: Paid for less expensive alt | D33: Accept or appeal with necessity
A34: * | B34: UHC: Missing tooth clause | C34: Tooth missing before coverage | D34: Verify effective date
A35: * | B35: UHC: Benefit max exhausted | C35: Annual max reached | D35: Schedule for next period
A36: * | B36: UHC: Waiting period | C36: Major procedure waiting period | D36: Schedule after waiting period
A37: * | B37: UHC: Dependent age limit | C37: Dependent exceeded age | D37: Verify eligibility

Sheet UHC Policies
A1: Code | B1: UHC Frequency | C1: Pre-Auth Required | D1: Age Limit | E1: UHC Notes
A2: D0120 | B2: 2/yr | C2: No | E2: UHC covers 2x/yr. Usually with D1110.
A3: D0150 | B3: 1/3yr | C3: No | E3: New patient comprehensive.
A4: D0180 | B4: 1/2yr | C4: No | E4: Required before SRP.
A5: D0210 | B5: 1/3yr | C5: No | E5: Full mouth X-rays. Same day as D0150 OK.
A6: D0330 | B6: 1/3yr | C6: No | E6: Panoramic. Not same day as D0210.
A7: D1110 | B7: 2/yr | C7: No | E7: Only for perio-healthy patients.
A8: D2391 | B8: Varies | C8: No | E8: Alt benefit may apply on posterior.
A9: D2392 | B9: Varies | C9: No | E9: Alt benefit possible.
A10: D2393 | B10: Varies | C10: No | E10: Large composite - consider crown.
A11: D2394 | B11: Varies | C11: No | E11: 4+ surfaces - necessity may be questioned.
A12: D2740 | B12: 1/5yr/tooth | C12: Depends | E12: Pre-auth may be needed for posterior.
A13: D2750 | B13: 1/5yr/tooth | C13: Depends | E13: PFM typically better coverage.
... A27: D5214 | B27: 1/5yr | C27: May be | E27: Partial lower.
A28: D6010 | B28: Varies | C28: REQUIRED | D28: <18 | E28: Pre-auth required. May have lifetime max.
A29: D6056 | B29: Varies | C29: REQUIRED | E29: Bundled with implant plan.
A30: D6058 | B30: Varies | C30: REQUIRED | E30: Must have D6010 + D6056 in history.
A31: D6080 | B31: 2/yr | C31: No | E31: Distinct from D1110.
A32: D7110 | B32: Varies | C32: No | E32: Surgical extraction.
A33: D7140 | B33: Varies | C33: No | E33: Simple extraction. Cannot restore same tooth.
A34: D7210 | B34: Varies | C34: No | E34: Surgical with flap. Higher reimbursement.

Sheet Instructions
A1: DENTAL CODE VERIFICATION SYSTEM — User Guide
A3: QUICK START:
A5: 1. Go to 'Code Lookup' sheet.
A6: 2. Click B5 and pick/type a denied code (e.g., D6058) from the dropdown.
A7: 3. Results auto-populate — no buttons to click.
A9: ❌ DENIAL ANALYSIS — Why denied + what to do instead
A10: ✅ HISTORY CHECK — Enter up to 5 history codes in rows 23-27
A11: Col C shows conflicts, then FINAL VERDICT at bottom of the section
A12: 📋 BEFORE — Required prior procedures
A13: 🚫 CONFLICTS — Codes that can't be done together
A14: ➡️ AFTER — What should follow
A15: 📌 GUIDELINES — Clinical notes
... A23: Available codes (33): D0120, D0150, D0180, D0210, D0330, D1110, D2391, D2392, D2393, D2394, D2740, D2750, D2950, D2952, D3310, D3320, D3330, D4341, D4342, D4910, D5110, D5120, D5130, D5140, D5213, D5214, D6010, D6056, D6058, D6080, D7110, D7140, D7210
